{
  "threshold": 0.2932082712650299,
  "input_dim": 40,
  "run_id": "20260517_220411",
  "training_history": {
    "loss": [
      0.8227148652076721,
      0.533051073551178,
      0.44660887122154236,
      0.4030238687992096,
      0.3733270466327667,
      0.3542923927307129,
      0.34117552638053894,
      0.32760486006736755,
      0.3236097991466522,
      0.3108176589012146,
      0.30561959743499756,
      0.30271056294441223,
      0.29220402240753174,
      0.28994521498680115,
      0.28222668170928955,
      0.2816007137298584,
      0.27344340085983276,
      0.2746914327144623,
      0.26484212279319763,
      0.2634475529193878,
      0.2633248567581177,
      0.2628403902053833,
      0.2611177861690521,
      0.25343748927116394,
      0.2587287127971649,
      0.2515561580657959,
      0.2539708912372589,
      0.24948187172412872,
      0.24917270243167877,
      0.2479724884033203,
      0.24308164417743683,
      0.2397095263004303,
      0.23722796142101288,
      0.23951317369937897,
      0.24056832492351532,
      0.23866936564445496,
      0.23239117860794067,
      0.23275157809257507,
      0.22864943742752075,
      0.23493847250938416,
      0.22861775755882263,
      0.2348850667476654,
      0.22976775467395782,
      0.22491055727005005,
      0.2221093326807022,
      0.22148962318897247,
      0.2248033583164215,
      0.2162252813577652,
      0.22129783034324646,
      0.21693000197410583
    ],
    "val_loss": [
      0.38192933797836304,
      0.2927394211292267,
      0.23318900167942047,
      0.2278575450181961,
      0.21485193073749542,
      0.23202963173389435,
      0.22282138466835022,
      0.21179820597171783,
      0.2160555124282837,
      0.1792498379945755,
      0.2024773210287094,
      0.17941594123840332,
      0.18775154650211334,
      0.16965103149414062,
      0.16382017731666565,
      0.16287879645824432,
      0.15640071034431458,
      0.15266171097755432,
      0.15448041260242462,
      0.1561458855867386,
      0.15161916613578796,
      0.15230706334114075,
      0.16840986907482147,
      0.1787845939397812,
      0.15135329961776733,
      0.1408567726612091,
      0.142878457903862,
      0.15065041184425354,
      0.12999486923217773,
      0.13682197034358978,
      0.13201119005680084,
      0.1696024388074875,
      0.13876359164714813,
      0.13471637666225433,
      0.13676181435585022,
      0.13728280365467072,
      0.13096584379673004,
      0.13133497536182404,
      0.13012531399726868,
      0.12602108716964722,
      0.123696468770504,
      0.12033654004335403,
      0.12521123886108398,
      0.13069161772727966,
      0.11137204617261887,
      0.12263493984937668,
      0.1160074770450592,
      0.11570890247821808,
      0.1061997339129448,
      0.11928173154592514
    ],
    "learning_rate": [
      0.0010000000474974513,
      0.0010000000474974513,
      0.0010000000474974513,
      0.0010000000474974513,
      0.0010000000474974513,
      0.0010000000474974513,
      0.0010000000474974513,
      0.0010000000474974513,
      0.0010000000474974513,
      0.0010000000474974513,
      0.0010000000474974513,
      0.0010000000474974513,
      0.0010000000474974513,
      0.0010000000474974513,
      0.0010000000474974513,
      0.0010000000474974513,
      0.0010000000474974513,
      0.0010000000474974513,
      0.0010000000474974513,
      0.0010000000474974513,
      0.0010000000474974513,
      0.0010000000474974513,
      0.0010000000474974513,
      0.0010000000474974513,
      0.0010000000474974513,
      0.0010000000474974513,
      0.0010000000474974513,
      0.0010000000474974513,
      0.0010000000474974513,
      0.0010000000474974513,
      0.0010000000474974513,
      0.0010000000474974513,
      0.0010000000474974513,
      0.0010000000474974513,
      0.0010000000474974513,
      0.0010000000474974513,
      0.0010000000474974513,
      0.0010000000474974513,
      0.0010000000474974513,
      0.0010000000474974513,
      0.0010000000474974513,
      0.0010000000474974513,
      0.0010000000474974513,
      0.0010000000474974513,
      0.0010000000474974513,
      0.0010000000474974513,
      0.0010000000474974513,
      0.0010000000474974513,
      0.0010000000474974513,
      0.0010000000474974513
    ]
  }
}