{
  "precision": 0.11833406787130894,
  "recall": 0.026876876876876878,
  "f1": 0.04380455175789216,
  "accuracy": 0.76556,
  "roc_auc": 0.5494257047599962,
  "avg_precision": 0.20620378705510867,
  "confusion_matrix": [
    [
      76019,
      4001
    ],
    [
      19443,
      537
    ]
  ],
  "true_positives": 537,
  "true_negatives": 76019,
  "false_positives": 4001,
  "false_negatives": 19443,
  "false_positive_rate": 0.05,
  "detection_rate": 0.026876876876876878,
  "classification_report": {
    "Benign": {
      "precision": 0.7963273344367392,
      "recall": 0.95,
      "f1-score": 0.8664022520828347,
      "support": 80020.0
    },
    "Attack": {
      "precision": 0.11833406787130894,
      "recall": 0.026876876876876878,
      "f1-score": 0.04380455175789216,
      "support": 19980.0
    },
    "accuracy": 0.76556,
    "macro avg": {
      "precision": 0.4573307011540241,
      "recall": 0.4884384384384384,
      "f1-score": 0.45510340192036347,
      "support": 100000.0
    },
    "weighted avg": {
      "precision": 0.6608642797769663,
      "recall": 0.76556,
      "f1-score": 0.7020472315579112,
      "support": 100000.0
    }
  },
  "anomalies_detected": 4538,
  "total_samples": 100000
}