{
  "threshold": 0.34193313121795654,
  "input_dim": 40,
  "run_id": "20260516_171010",
  "training_history": {
    "loss": [
      0.9284194707870483,
      0.6173679828643799,
      0.5369939804077148,
      0.4858753979206085,
      0.45654818415641785,
      0.4288254380226135,
      0.40972211956977844,
      0.38628292083740234,
      0.3799787759780884,
      0.3606005012989044,
      0.35391929745674133,
      0.34661534428596497,
      0.3452136814594269,
      0.3340133726596832,
      0.32768070697784424,
      0.32166624069213867,
      0.3190542459487915,
      0.31037065386772156,
      0.3126574456691742,
      0.3047696053981781,
      0.3024663031101227,
      0.2987960875034332,
      0.2956753373146057,
      0.2894822359085083,
      0.2901972830295563,
      0.29097598791122437,
      0.2840333580970764,
      0.27866441011428833,
      0.27642571926116943,
      0.2710070013999939,
      0.271947979927063,
      0.26477161049842834,
      0.2655642032623291,
      0.2604025602340698,
      0.2540290057659149,
      0.2597953677177429,
      0.2566968500614166,
      0.25839054584503174,
      0.2492096722126007,
      0.24447235465049744,
      0.2593478858470917,
      0.2507760226726532,
      0.251321405172348,
      0.2450108826160431,
      0.24497206509113312,
      0.24150508642196655,
      0.24429214000701904,
      0.2391471117734909,
      0.23675599694252014,
      0.23317955434322357
    ],
    "val_loss": [
      0.6739104390144348,
      0.5242467522621155,
      0.4770536422729492,
      0.4562557637691498,
      0.47715651988983154,
      0.3928883671760559,
      0.37338748574256897,
      0.3516483008861542,
      0.35026514530181885,
      0.3328454792499542,
      0.3201329708099365,
      0.3446017801761627,
      0.3273583650588989,
      0.30552706122398376,
      0.3119417428970337,
      0.2895162105560303,
      0.2687552869319916,
      0.2970898449420929,
      0.32110148668289185,
      0.3207174241542816,
      0.32719072699546814,
      0.28430792689323425,
      0.2729692757129669,
      0.28518152236938477,
      0.24812816083431244,
      0.24042929708957672,
      0.2672957181930542,
      0.23729313910007477,
      0.2571081817150116,
      0.2426992505788803,
      0.24715368449687958,
      0.3110157251358032,
      0.2531896233558655,
      0.22387070953845978,
      0.22127513587474823,
      0.23208381235599518,
      0.25631314516067505,
      0.3270459473133087,
      0.2529219388961792,
      0.21912583708763123,
      0.24155950546264648,
      0.24227945506572723,
      0.23722876608371735,
      0.24867501854896545,
      0.23379379510879517,
      0.2145729660987854,
      0.26356926560401917,
      0.21192742884159088,
      0.21116843819618225,
      0.22864004969596863
    ],
    "learning_rate": [
      0.0010000000474974513,
      0.0010000000474974513,
      0.0010000000474974513,
      0.0010000000474974513,
      0.0010000000474974513,
      0.0010000000474974513,
      0.0010000000474974513,
      0.0010000000474974513,
      0.0010000000474974513,
      0.0010000000474974513,
      0.0010000000474974513,
      0.0010000000474974513,
      0.0010000000474974513,
      0.0010000000474974513,
      0.0010000000474974513,
      0.0010000000474974513,
      0.0010000000474974513,
      0.0010000000474974513,
      0.0010000000474974513,
      0.0010000000474974513,
      0.0010000000474974513,
      0.0010000000474974513,
      0.0010000000474974513,
      0.0010000000474974513,
      0.0010000000474974513,
      0.0010000000474974513,
      0.0010000000474974513,
      0.0010000000474974513,
      0.0010000000474974513,
      0.0010000000474974513,
      0.0010000000474974513,
      0.0010000000474974513,
      0.0010000000474974513,
      0.0010000000474974513,
      0.0010000000474974513,
      0.0010000000474974513,
      0.0010000000474974513,
      0.0010000000474974513,
      0.0010000000474974513,
      0.0010000000474974513,
      0.0010000000474974513,
      0.0010000000474974513,
      0.0010000000474974513,
      0.0010000000474974513,
      0.0010000000474974513,
      0.0005000000237487257,
      0.0005000000237487257,
      0.0005000000237487257,
      0.0005000000237487257,
      0.0005000000237487257
    ]
  }
}